{
  "baseConversionRate": 0.3333333333333333,
  "features": {
    "source": {
      "WEB_CHAT": {
        "prob": 0.3333333333333333,
        "weight": 1,
        "support": 1
      }
    },
    "campaignId": {
      "UNKNOWN": {
        "prob": 0.3333333333333333,
        "weight": 1,
        "support": 1
      }
    },
    "country": {
      "UNKNOWN": {
        "prob": 0.3333333333333333,
        "weight": 1,
        "support": 1
      }
    },
    "emailDomain": {
      "test.com": {
        "prob": 0.3333333333333333,
        "weight": 1,
        "support": 1
      }
    }
  }
}